{
    "name": "All Requests",
    "numberOfRequests": {
        "total": 89502,
        "ok": 88392,
        "ko": 1110
    },
    "minResponseTime": {
        "total": 3,
        "ok": 3,
        "ko": 11
    },
    "maxResponseTime": {
        "total": 60002,
        "ok": 59940,
        "ko": 60002
    },
    "meanResponseTime": {
        "total": 8430,
        "ok": 8135,
        "ko": 31889
    },
    "standardDeviation": {
        "total": 13095,
        "ok": 12614,
        "ko": 24475
    },
    "percentiles1": {
        "total": 2862,
        "ok": 2848,
        "ko": 34183
    },
    "percentiles2": {
        "total": 5818,
        "ok": 5626,
        "ko": 60000
    },
    "percentiles3": {
        "total": 40316,
        "ok": 39577,
        "ko": 60001
    },
    "percentiles4": {
        "total": 54223,
        "ok": 50788,
        "ko": 60001
    },
    "group1": {
    "name": "t < 800 ms",
    "htmlName": "t < 800 ms",
    "count": 4376,
    "percentage": 4.889276217291234
},
    "group2": {
    "name": "800 ms <= t < 1200 ms",
    "htmlName": "t >= 800 ms <br> t < 1200 ms",
    "count": 7454,
    "percentage": 8.328305512725972
},
    "group3": {
    "name": "t >= 1200 ms",
    "htmlName": "t >= 1200 ms",
    "count": 76562,
    "percentage": 85.54222252016714
},
    "group4": {
    "name": "failed",
    "htmlName": "failed",
    "count": 1110,
    "percentage": 1.2401957498156466
},
    "meanNumberOfRequestsPerSecond": {
        "total": 48.37945945945946,
        "ok": 47.77945945945946,
        "ko": 0.6
    }
}